{
  "FilterHeaders": [
    {
      "Header": "user-agent",
      "IncludeInScript": false
    },
    {
      "Header": "upgrade-insecure-requests",
      "IncludeInScript": true
    },
    {
      "Header": "sec-fetch-user",
      "IncludeInScript": true
    },
    {
      "Header": "sec-fetch-site",
      "IncludeInScript": true
    },
    {
      "Header": "sec-fetch-mode",
      "IncludeInScript": true
    },
    {
      "Header": "sec-fetch-dest",
      "IncludeInScript": true
    },
    {
      "Header": "origin",
      "IncludeInScript": true
    },
    {
      "Header": "cache-control",
      "IncludeInScript": false
    },
    {
      "Header": "accept-language",
      "IncludeInScript": false
    },
    {
      "Header": "accept-encoding",
      "IncludeInScript": false
    },
    {
      "Header": "accept",
      "IncludeInScript": false
    }
  ],
  "FilterResources": [
    {
      "IsNonResource": true,
      "type": "text/html"
    },
    {
      "IsNonResource": false,
      "type": "image/png"
    },
    {
      "IsNonResource": false,
      "type": "image/gif"
    }
  ],
  "GeneralInfo": {
    "BrowserVersion": "",
    "MaxUsedConnections": 10,
    "RecordedBrowser": "Chrome",
    "RecordingDate": "сен-19-2020",
    "RecordingDuration": 219390,
    "RecordingTimeStamp": 1600506800,
    "TotalBytesReceived": 27265,
    "TotalBytesSent": 16232,
    "TotalRequests": 24
  },
  "HostInfo": [
    {
      "DomainName": "localhost",
      "Domains": [
        {
          "HTTPVersion": "HTTP/1.1",
          "IP": "[::1]",
          "IncludeInScript": true,
          "Name": "localhost",
          "Port": 1080,
          "Requests": [
            {
              "CompressionType": "",
              "DataType": "text/html",
              "DownloadTime": 47,
              "EventId": 242,
              "HttpStatus": 200,
              "Size": 2444,
              "URL": "http://localhost:1080/cgi-bin/reservations.pl"
            },
            {
              "CompressionType": "",
              "DataType": "image/gif",
              "DownloadTime": 15,
              "EventId": 232,
              "HttpStatus": 200,
              "Size": 758,
              "URL": "http://localhost:1080/WebTours/images/button_next.gif"
            },
            {
              "CompressionType": "",
              "DataType": "image/gif",
              "DownloadTime": 0,
              "EventId": 230,
              "HttpStatus": 200,
              "Size": 688,
              "URL": "http://localhost:1080/WebTours/images/home.gif"
            },
            {
              "CompressionType": "",
              "DataType": "image/gif",
              "DownloadTime": 31,
              "EventId": 228,
              "HttpStatus": 200,
              "Size": 726,
              "URL": "http://localhost:1080/WebTours/images/in_flights.gif"
            },
            {
              "CompressionType": "",
              "DataType": "text/html",
              "DownloadTime": 63,
              "EventId": 224,
              "HttpStatus": 200,
              "Size": 4246,
              "URL": "http://localhost:1080/cgi-bin/reservations.pl?page=welcome"
            },
            {
              "CompressionType": "",
              "DataType": "text/html",
              "DownloadTime": 47,
              "EventId": 221,
              "HttpStatus": 200,
              "Size": 1482,
              "URL": "http://localhost:1080/cgi-bin/nav.pl?page=menu&in=flights"
            },
            {
              "CompressionType": "",
              "DataType": "text/html",
              "DownloadTime": 63,
              "EventId": 218,
              "HttpStatus": 200,
              "Size": 616,
              "URL": "http://localhost:1080/cgi-bin/welcome.pl?page=search"
            },
            {
              "CompressionType": "",
              "DataType": "image/gif",
              "DownloadTime": 16,
              "EventId": 212,
              "HttpStatus": 200,
              "Size": 751,
              "URL": "http://localhost:1080/WebTours/images/signoff.gif"
            },
            {
              "CompressionType": "",
              "DataType": "image/gif",
              "DownloadTime": 0,
              "EventId": 210,
              "HttpStatus": 200,
              "Size": 688,
              "URL": "http://localhost:1080/WebTours/images/in_home.gif"
            },
            {
              "CompressionType": "",
              "DataType": "image/gif",
              "DownloadTime": 16,
              "EventId": 203,
              "HttpStatus": 200,
              "Size": 733,
              "URL": "http://localhost:1080/WebTours/images/itinerary.gif"
            },
            {
              "CompressionType": "",
              "DataType": "image/gif",
              "DownloadTime": 47,
              "EventId": 201,
              "HttpStatus": 200,
              "Size": 726,
              "URL": "http://localhost:1080/WebTours/images/flights.gif"
            },
            {
              "CompressionType": "",
              "DataType": "text/html",
              "DownloadTime": 47,
              "EventId": 198,
              "HttpStatus": 200,
              "Size": 918,
              "URL": "http://localhost:1080/cgi-bin/login.pl?intro=true"
            },
            {
              "CompressionType": "",
              "DataType": "text/html",
              "DownloadTime": 32,
              "EventId": 195,
              "HttpStatus": 200,
              "Size": 1482,
              "URL": "http://localhost:1080/cgi-bin/nav.pl?page=menu&in=home"
            },
            {
              "CompressionType": "",
              "DataType": "text/html",
              "DownloadTime": 47,
              "EventId": 186,
              "HttpStatus": 200,
              "Size": 481,
              "URL": "http://localhost:1080/cgi-bin/login.pl"
            },
            {
              "CompressionType": "",
              "DataType": "text/html",
              "DownloadTime": 0,
              "EventId": 152,
              "HttpStatus": 404,
              "Size": 209,
              "URL": "http://localhost:1080/favicon.ico"
            },
            {
              "CompressionType": "",
              "DataType": "image/gif",
              "DownloadTime": 31,
              "EventId": 147,
              "HttpStatus": 200,
              "Size": 679,
              "URL": "http://localhost:1080/WebTours/images/mer_login.gif"
            },
            {
              "CompressionType": "",
              "DataType": "text/html",
              "DownloadTime": 62,
              "EventId": 141,
              "HttpStatus": 200,
              "Size": 1488,
              "URL": "http://localhost:1080/cgi-bin/nav.pl?in=home"
            },
            {
              "CompressionType": "",
              "DataType": "text/html",
              "DownloadTime": 0,
              "EventId": 139,
              "HttpStatus": 200,
              "Size": 1361,
              "URL": "http://localhost:1080/WebTours/home.html"
            },
            {
              "CompressionType": "",
              "DataType": "image/png",
              "DownloadTime": 16,
              "EventId": 137,
              "HttpStatus": 200,
              "Size": 601,
              "URL": "http://localhost:1080/WebTours/images/hp_logo.png"
            },
            {
              "CompressionType": "",
              "DataType": "image/png",
              "DownloadTime": 16,
              "EventId": 135,
              "HttpStatus": 200,
              "Size": 4187,
              "URL": "http://localhost:1080/WebTours/images/webtours.png"
            },
            {
              "CompressionType": "",
              "DataType": "text/html",
              "DownloadTime": 47,
              "EventId": 130,
              "HttpStatus": 200,
              "Size": 686,
              "URL": "http://localhost:1080/cgi-bin/welcome.pl?signOff=true"
            },
            {
              "CompressionType": "",
              "DataType": "text/html",
              "DownloadTime": 0,
              "EventId": 128,
              "HttpStatus": 200,
              "Size": 710,
              "URL": "http://localhost:1080/WebTours/header.html"
            },
            {
              "CompressionType": "",
              "DataType": "text/html",
              "DownloadTime": 0,
              "EventId": 126,
              "HttpStatus": 200,
              "Size": 366,
              "URL": "http://localhost:1080/WebTours/"
            },
            {
              "CompressionType": "",
              "DataType": "text/html",
              "DownloadTime": 0,
              "EventId": 51,
              "HttpStatus": 301,
              "Size": 239,
              "URL": "http://localhost:1080/WebTours"
            }
          ],
          "SSLCipher": "None",
          "SSLVersion": "None"
        }
      ],
      "IncludeInScript": true
    },
    {
      "DomainName": "gstatic.com",
      "Domains": [
        {
          "HTTPVersion": "HTTP/1.1",
          "IP": "64.233.161.94",
          "IncludeInScript": false,
          "Name": "ssl.gstatic.com",
          "Port": 443,
          "Requests": [
            {
              "CompressionType": "",
              "DataType": "application/octet-stream",
              "DownloadTime": 15,
              "EventId": 58,
              "HttpStatus": 200,
              "Size": 77948,
              "URL": "https://ssl.gstatic.com/safebrowsing/csd/client_model_v5_variation_0.pb"
            }
          ],
          "SSLCipher": "ECDHE-RSA-AES128-SHA",
          "SSLVersion": "TLS1.1"
        }
      ],
      "IncludeInScript": true
    },
    {
      "DomainName": "googleapis.com",
      "Domains": [
        {
          "HTTPVersion": "HTTP/1.1",
          "IP": "64.233.164.94",
          "IncludeInScript": false,
          "Name": "update.googleapis.com",
          "Port": 443,
          "Requests": [
            {
              "CompressionType": "gzip",
              "DataType": "application/json",
              "DownloadTime": 109,
              "EventId": 173,
              "HttpStatus": 200,
              "Size": 171,
              "URL": "https://update.googleapis.com/service/update2/json"
            },
            {
              "CompressionType": "gzip",
              "DataType": "application/json",
              "DownloadTime": 109,
              "EventId": 168,
              "HttpStatus": 200,
              "Size": 1167,
              "URL": "https://update.googleapis.com/service/update2/json?cup2key=10:276760897&cup2hreq=d72b37ea3539728331f8d3118d98260888270521c3c8094f4996ec02aa1d6a3f"
            }
          ],
          "SSLCipher": "ECDHE-RSA-AES128-SHA",
          "SSLVersion": "TLS1.1"
        },
        {
          "HTTPVersion": "HTTP/1.1",
          "IP": "64.233.162.95",
          "IncludeInScript": false,
          "Name": "content-autofill.googleapis.com",
          "Port": 443,
          "Requests": [
            {
              "CompressionType": "gzip",
              "DataType": "text/plain",
              "DownloadTime": 31,
              "EventId": 236,
              "HttpStatus": 200,
              "Size": 68,
              "URL": "https://content-autofill.googleapis.com/v1/pages/Chc2LjEuMTcxNS4xNDQyL2VuIChHR0xMKRJACUFCU6JtyxUKEgkNVGIprRIAGgASCQ17ncSlEgAaABIJDR87OYUSABoAEgkN2oWZYRIAGgASCQ2pjkq9EgAaAA==?alt=proto"
            },
            {
              "CompressionType": "gzip",
              "DataType": "text/plain",
              "DownloadTime": 31,
              "EventId": 156,
              "HttpStatus": 200,
              "Size": 45,
              "URL": "https://content-autofill.googleapis.com/v1/pages/Chc2LjEuMTcxNS4xNDQyL2VuIChHR0xMKRIfCU35IjnBRbgwEgkN541ADhIAGgASCQ3OQUx6EgAaAA==?alt=proto"
            }
          ],
          "SSLCipher": "ECDHE-RSA-AES128-SHA",
          "SSLVersion": "TLS1.1"
        }
      ],
      "IncludeInScript": true
    }
  ],
  "WebSocket": {
    "IncludeInScript": false,
    "IsScriptIncludeWebSocket": false
  },
  "NumberOfCorrelations": 6
}