{
  "FilterHeaders": [
    {
      "Header": "user-agent",
      "IncludeInScript": false
    },
    {
      "Header": "upgrade-insecure-requests",
      "IncludeInScript": true
    },
    {
      "Header": "sec-fetch-user",
      "IncludeInScript": true
    },
    {
      "Header": "sec-fetch-site",
      "IncludeInScript": true
    },
    {
      "Header": "sec-fetch-mode",
      "IncludeInScript": true
    },
    {
      "Header": "sec-fetch-dest",
      "IncludeInScript": true
    },
    {
      "Header": "origin",
      "IncludeInScript": true
    },
    {
      "Header": "if-none-match",
      "IncludeInScript": false
    },
    {
      "Header": "if-modified-since",
      "IncludeInScript": false
    },
    {
      "Header": "cache-control",
      "IncludeInScript": false
    },
    {
      "Header": "accept-language",
      "IncludeInScript": false
    },
    {
      "Header": "accept-encoding",
      "IncludeInScript": false
    },
    {
      "Header": "accept",
      "IncludeInScript": false
    }
  ],
  "FilterResources": [
    {
      "IsNonResource": true,
      "type": "text/html"
    },
    {
      "IsNonResource": false,
      "type": "image/png"
    },
    {
      "IsNonResource": false,
      "type": "image/gif"
    },
    {
      "IsNonResource": false,
      "type": "application/javascript"
    }
  ],
  "GeneralInfo": {
    "BrowserVersion": "",
    "MaxUsedConnections": 10,
    "RecordedBrowser": "Chrome",
    "RecordingDate": "сен-19-2020",
    "RecordingDuration": 167453,
    "RecordingTimeStamp": 1600503466,
    "TotalBytesReceived": 34151,
    "TotalBytesSent": 15732,
    "TotalRequests": 24
  },
  "HostInfo": [
    {
      "DomainName": "localhost",
      "Domains": [
        {
          "HTTPVersion": "HTTP/1.1",
          "IP": "[::1]",
          "IncludeInScript": true,
          "Name": "localhost",
          "Port": 1080,
          "Requests": [
            {
              "CompressionType": "",
              "DataType": "",
              "DownloadTime": 0,
              "EventId": 522,
              "HttpStatus": 304,
              "Size": 0,
              "URL": "http://localhost:1080/WebTours/home.html"
            },
            {
              "CompressionType": "",
              "DataType": "text/html",
              "DownloadTime": 62,
              "EventId": 519,
              "HttpStatus": 200,
              "Size": 1488,
              "URL": "http://localhost:1080/cgi-bin/nav.pl?in=home"
            },
            {
              "CompressionType": "",
              "DataType": "text/html",
              "DownloadTime": 47,
              "EventId": 516,
              "HttpStatus": 200,
              "Size": 686,
              "URL": "http://localhost:1080/cgi-bin/welcome.pl?signOff=1"
            },
            {
              "CompressionType": "",
              "DataType": "image/gif",
              "DownloadTime": 0,
              "EventId": 508,
              "HttpStatus": 200,
              "Size": 751,
              "URL": "http://localhost:1080/WebTours/images/signoff.gif"
            },
            {
              "CompressionType": "",
              "DataType": "image/gif",
              "DownloadTime": 16,
              "EventId": 506,
              "HttpStatus": 200,
              "Size": 688,
              "URL": "http://localhost:1080/WebTours/images/in_home.gif"
            },
            {
              "CompressionType": "",
              "DataType": "image/gif",
              "DownloadTime": 16,
              "EventId": 504,
              "HttpStatus": 200,
              "Size": 733,
              "URL": "http://localhost:1080/WebTours/images/itinerary.gif"
            },
            {
              "CompressionType": "",
              "DataType": "image/gif",
              "DownloadTime": 0,
              "EventId": 496,
              "HttpStatus": 200,
              "Size": 726,
              "URL": "http://localhost:1080/WebTours/images/flights.gif"
            },
            {
              "CompressionType": "",
              "DataType": "text/html",
              "DownloadTime": 46,
              "EventId": 490,
              "HttpStatus": 200,
              "Size": 920,
              "URL": "http://localhost:1080/cgi-bin/login.pl?intro=true"
            },
            {
              "CompressionType": "",
              "DataType": "text/html",
              "DownloadTime": 32,
              "EventId": 487,
              "HttpStatus": 200,
              "Size": 1482,
              "URL": "http://localhost:1080/cgi-bin/nav.pl?page=menu&in=home"
            },
            {
              "CompressionType": "",
              "DataType": "text/html",
              "DownloadTime": 2750,
              "EventId": 484,
              "HttpStatus": 200,
              "Size": 596,
              "URL": "http://localhost:1080/cgi-bin/welcome.pl?page=menus"
            },
            {
              "CompressionType": "",
              "DataType": "text/html",
              "DownloadTime": 47,
              "EventId": 481,
              "HttpStatus": 200,
              "Size": 1079,
              "URL": "http://localhost:1080/cgi-bin/login.pl"
            },
            {
              "CompressionType": "",
              "DataType": "application/javascript",
              "DownloadTime": 47,
              "EventId": 453,
              "HttpStatus": 200,
              "Size": 11288,
              "URL": "http://localhost:1080/WebTours/profileValidate.js"
            },
            {
              "CompressionType": "",
              "DataType": "image/gif",
              "DownloadTime": 0,
              "EventId": 451,
              "HttpStatus": 200,
              "Size": 758,
              "URL": "http://localhost:1080/WebTours/images/button_next.gif"
            },
            {
              "CompressionType": "",
              "DataType": "text/html",
              "DownloadTime": 47,
              "EventId": 448,
              "HttpStatus": 200,
              "Size": 2429,
              "URL": "http://localhost:1080/cgi-bin/login.pl?username=&password=&getInfo=true"
            },
            {
              "CompressionType": "",
              "DataType": "text/html",
              "DownloadTime": 16,
              "EventId": 432,
              "HttpStatus": 404,
              "Size": 209,
              "URL": "http://localhost:1080/favicon.ico"
            },
            {
              "CompressionType": "",
              "DataType": "image/gif",
              "DownloadTime": 31,
              "EventId": 427,
              "HttpStatus": 200,
              "Size": 679,
              "URL": "http://localhost:1080/WebTours/images/mer_login.gif"
            },
            {
              "CompressionType": "",
              "DataType": "text/html",
              "DownloadTime": 47,
              "EventId": 425,
              "HttpStatus": 200,
              "Size": 1489,
              "URL": "http://localhost:1080/cgi-bin/nav.pl?in=home"
            },
            {
              "CompressionType": "",
              "DataType": "text/html",
              "DownloadTime": 47,
              "EventId": 423,
              "HttpStatus": 200,
              "Size": 1361,
              "URL": "http://localhost:1080/WebTours/home.html"
            },
            {
              "CompressionType": "",
              "DataType": "image/png",
              "DownloadTime": 16,
              "EventId": 421,
              "HttpStatus": 200,
              "Size": 4187,
              "URL": "http://localhost:1080/WebTours/images/webtours.png"
            },
            {
              "CompressionType": "",
              "DataType": "image/png",
              "DownloadTime": 0,
              "EventId": 419,
              "HttpStatus": 200,
              "Size": 601,
              "URL": "http://localhost:1080/WebTours/images/hp_logo.png"
            },
            {
              "CompressionType": "",
              "DataType": "text/html",
              "DownloadTime": 47,
              "EventId": 414,
              "HttpStatus": 200,
              "Size": 686,
              "URL": "http://localhost:1080/cgi-bin/welcome.pl?signOff=true"
            },
            {
              "CompressionType": "",
              "DataType": "text/html",
              "DownloadTime": 0,
              "EventId": 409,
              "HttpStatus": 200,
              "Size": 710,
              "URL": "http://localhost:1080/WebTours/header.html"
            },
            {
              "CompressionType": "",
              "DataType": "text/html",
              "DownloadTime": 16,
              "EventId": 345,
              "HttpStatus": 200,
              "Size": 366,
              "URL": "http://localhost:1080/WebTours/"
            },
            {
              "CompressionType": "",
              "DataType": "text/html",
              "DownloadTime": 16,
              "EventId": 338,
              "HttpStatus": 301,
              "Size": 239,
              "URL": "http://localhost:1080/WebTours"
            }
          ],
          "SSLCipher": "None",
          "SSLVersion": "None"
        }
      ],
      "IncludeInScript": true
    },
    {
      "DomainName": "gstatic.com",
      "Domains": [
        {
          "HTTPVersion": "HTTP/1.1",
          "IP": "64.233.161.94",
          "IncludeInScript": false,
          "Name": "ssl.gstatic.com",
          "Port": 443,
          "Requests": [
            {
              "CompressionType": "",
              "DataType": "application/octet-stream",
              "DownloadTime": 31,
              "EventId": 347,
              "HttpStatus": 200,
              "Size": 77948,
              "URL": "https://ssl.gstatic.com/safebrowsing/csd/client_model_v5_variation_0.pb"
            }
          ],
          "SSLCipher": "",
          "SSLVersion": ""
        }
      ],
      "IncludeInScript": true
    },
    {
      "DomainName": "googleapis.com",
      "Domains": [
        {
          "HTTPVersion": "HTTP/1.1",
          "IP": "64.233.165.94",
          "IncludeInScript": false,
          "Name": "update.googleapis.com",
          "Port": 443,
          "Requests": [
            {
              "CompressionType": "gzip",
              "DataType": "application/json",
              "DownloadTime": 93,
              "EventId": 465,
              "HttpStatus": 200,
              "Size": 733,
              "URL": "https://update.googleapis.com/service/update2/json?cup2key=10:1664927054&cup2hreq=65f5ff8cf286c82d2db1ff2cfe48a1ad28cacd39dfaf84cfb0b096221fac24b0"
            }
          ],
          "SSLCipher": "ECDHE-RSA-AES128-SHA",
          "SSLVersion": "TLS1.1"
        },
        {
          "HTTPVersion": "HTTP/1.1",
          "IP": "64.233.162.95",
          "IncludeInScript": false,
          "Name": "content-autofill.googleapis.com",
          "Port": 443,
          "Requests": [
            {
              "CompressionType": "gzip",
              "DataType": "text/plain",
              "DownloadTime": 32,
              "EventId": 455,
              "HttpStatus": 200,
              "Size": 115,
              "URL": "https://content-autofill.googleapis.com/v1/pages/Chc2LjEuMTcxNS4xNDQyL2VuIChHR0xMKRJWCeW13YVflIJ-EgkN541ADhIAGgASCQ3OQUx6EgAaABIJDTg2iYcSABoAEgkNa2iabhIAGgASCQ1Pnif4EgAaABIJDWOTJ4cSABoAEgkNolm4SRIAGgA=?alt=proto"
            },
            {
              "CompressionType": "gzip",
              "DataType": "text/plain",
              "DownloadTime": 62,
              "EventId": 438,
              "HttpStatus": 200,
              "Size": 45,
              "URL": "https://content-autofill.googleapis.com/v1/pages/Chc2LjEuMTcxNS4xNDQyL2VuIChHR0xMKRIfCU35IjnBRbgwEgkN541ADhIAGgASCQ3OQUx6EgAaAA==?alt=proto"
            }
          ],
          "SSLCipher": "ECDHE-RSA-AES128-SHA",
          "SSLVersion": "TLS1.1"
        },
        {
          "HTTPVersion": "HTTP/1.1",
          "IP": "173.194.73.94",
          "IncludeInScript": false,
          "Name": "clientservices.googleapis.com",
          "Port": 443,
          "Requests": [
            {
              "CompressionType": "",
              "DataType": "",
              "DownloadTime": 31,
              "EventId": 411,
              "HttpStatus": 304,
              "Size": 0,
              "URL": "https://clientservices.googleapis.com/chrome-variations/seed?osname=win&channel=stable&milestone=85"
            }
          ],
          "SSLCipher": "ECDHE-RSA-AES128-SHA",
          "SSLVersion": "TLS1.1"
        }
      ],
      "IncludeInScript": true
    }
  ],
  "WebSocket": {
    "IncludeInScript": false,
    "IsScriptIncludeWebSocket": false
  },
  "NumberOfCorrelations": 0
}